{"count":1,"self":6.6816927999999995,"total":23.3028634,"children":{"InitializeActuators":{"count":8,"self":0.00099819999999999987,"total":0.00099819999999999987,"children":null},"InitializeSensors":{"count":8,"self":0.0009958,"total":0.0009958,"children":null},"AgentSendState":{"count":11217,"self":0.28439719999999996,"total":1.5542882999999998,"children":{"CollectObservations":{"count":17952,"self":0.0941769,"total":0.0941769,"children":null},"WriteActionMask":{"count":17952,"self":0.047947699999999996,"total":0.047947699999999996,"children":null},"RequestDecision":{"count":17952,"self":0.2196467,"total":1.1277665,"children":{"AgentInfo.ToProto":{"count":17952,"self":0.1319244,"total":0.90811979999999992,"children":{"GenerateSensorData":{"count":17952,"self":0.24958059999999999,"total":0.7761954,"children":{"RayPerceptionSensor.Perceive":{"count":17952,"self":0.52661479999999994,"total":0.52661479999999994,"children":null}}}}}}}}},"DecideAction":{"count":11217,"self":14.842704,"total":14.842703199999999,"children":null},"AgentAct":{"count":11217,"self":0.221163,"total":0.221163,"children":null}},"gauges":{},"metadata":{"timer_format_version":"0.1.0","start_time_seconds":"1620999811","unity_version":"2020.1.16f1","command_line_arguments":"C:\\Program Files\\Unity\\Hub\\Editor\\2020.1.16f1\\Editor\\Unity.exe -projectpath F:\/projekty\/magisterka\/LittleKnightVillage -useHub -hubIPC -cloudEnvironment production -hubSessionId 55b4d2e0-b496-11eb-b53a-8741d60a336c -accessToken KgyKdSCgDySDILNKLKMIUG0JYVaHE6ndReDbm_c10tc007f","communication_protocol_version":"1.3.0","com.unity.ml-agents_version":"1.7.2-preview","scene_name":"Pingu","end_time_seconds":"1620999835"}}